<?xml version="1.0" encoding="utf-8"?>
<!DOCTYPE score-partwise  PUBLIC "-//Recordare//DTD MusicXML 3.0 Partwise//EN" "http://www.musicxml.org/dtds/partwise.dtd">
<score-partwise version="3.0">
  <movement-title>Music21 Fragment</movement-title>
  <identification>
    <creator type="composer">Music21</creator>
    <encoding>
      <encoding-date>2019-12-19</encoding-date>
      <software>music21 v.5.7.1</software>
    </encoding>
  </identification>
  <defaults>
    <scaling>
      <millimeters>7</millimeters>
      <tenths>40</tenths>
    </scaling>
  </defaults>
  <part-list>
    <score-part id="Pe61bd85cb7c7e2befa6b0c983ba16124">
      <part-name>Piano</part-name>
      <part-abbreviation>Pno</part-abbreviation>
      <score-instrument id="I466e295f7fb82d46c18c3e8b38cde66d">
        <instrument-name>Piano</instrument-name>
        <instrument-abbreviation>Pno</instrument-abbreviation>
      </score-instrument>
      <midi-instrument id="I466e295f7fb82d46c18c3e8b38cde66d">
        <midi-channel>1</midi-channel>
        <midi-program>1</midi-program>
      </midi-instrument>
    </score-part>
  </part-list>
  <!--=========================== Part 1 ===========================-->
  <part id="Pe61bd85cb7c7e2befa6b0c983ba16124">
    <!--========================= Measure 1 ==========================-->
    <measure number="1">
      <attributes>
        <divisions>10080</divisions>
        <key>
          <fifths>0</fifths>
          <mode>major</mode>
        </key>
        <time>
          <beats>4</beats>
          <beat-type>4</beat-type>
        </time>
        <clef>
          <sign>G</sign>
          <line>2</line>
        </clef>
      </attributes>
      <direction>
        <direction-type>
          <metronome parentheses="no">
            <beat-unit>quarter</beat-unit>
            <per-minute>120</per-minute>
          </metronome>
        </direction-type>
        <sound tempo="120" />
      </direction>
      <note>
        <pitch>
          <step>C</step>
          <octave>4</octave>
        </pitch>
        <duration>5040</duration>
        <type>eighth</type>
        <beam number="1">begin</beam>
      </note>
      <note>
        <chord />
        <pitch>
          <step>G</step>
          <octave>3</octave>
        </pitch>
        <duration>5040</duration>
        <type>eighth</type>
      </note>
      <note>
        <chord />
        <pitch>
          <step>C</step>
          <octave>3</octave>
        </pitch>
        <duration>5040</duration>
        <type>eighth</type>
      </note>
      <note dynamics="97.78">
        <pitch>
          <step>E</step>
          <octave>4</octave>
        </pitch>
        <duration>5040</duration>
        <type>eighth</type>
        <beam number="1">end</beam>
      </note>
      <note>
        <pitch>
          <step>C</step>
          <octave>5</octave>
        </pitch>
        <duration>5040</duration>
        <type>eighth</type>
        <beam number="1">begin</beam>
      </note>
      <note>
        <chord />
        <pitch>
          <step>G</step>
          <octave>4</octave>
        </pitch>
        <duration>5040</duration>
        <type>eighth</type>
      </note>
      <note>
        <chord />
        <pitch>
          <step>C</step>
          <octave>4</octave>
        </pitch>
        <duration>5040</duration>
        <type>eighth</type>
      </note>
      <note dynamics="97.78">
        <pitch>
          <step>E</step>
          <octave>5</octave>
        </pitch>
        <duration>5040</duration>
        <type>eighth</type>
        <beam number="1">end</beam>
      </note>
      <note>
        <pitch>
          <step>C</step>
          <octave>6</octave>
        </pitch>
        <duration>5040</duration>
        <type>eighth</type>
        <beam number="1">begin</beam>
      </note>
      <note>
        <chord />
        <pitch>
          <step>G</step>
          <octave>5</octave>
        </pitch>
        <duration>5040</duration>
        <type>eighth</type>
      </note>
      <note>
        <chord />
        <pitch>
          <step>C</step>
          <octave>5</octave>
        </pitch>
        <duration>5040</duration>
        <type>eighth</type>
      </note>
      <note dynamics="97.78">
        <pitch>
          <step>E</step>
          <octave>6</octave>
        </pitch>
        <duration>5040</duration>
        <type>eighth</type>
        <beam number="1">end</beam>
      </note>
      <note>
        <pitch>
          <step>C</step>
          <octave>7</octave>
        </pitch>
        <duration>5040</duration>
        <type>eighth</type>
        <beam number="1">begin</beam>
      </note>
      <note>
        <chord />
        <pitch>
          <step>G</step>
          <octave>6</octave>
        </pitch>
        <duration>5040</duration>
        <type>eighth</type>
      </note>
      <note>
        <chord />
        <pitch>
          <step>C</step>
          <octave>6</octave>
        </pitch>
        <duration>5040</duration>
        <type>eighth</type>
      </note>
      <note dynamics="97.78">
        <pitch>
          <step>E</step>
          <octave>7</octave>
        </pitch>
        <duration>5040</duration>
        <type>eighth</type>
        <beam number="1">end</beam>
      </note>
    </measure>
    <!--========================= Measure 2 ==========================-->
    <measure number="2">
      <note dynamics="97.78">
        <pitch>
          <step>E</step>
          <octave>7</octave>
        </pitch>
        <duration>5040</duration>
        <type>eighth</type>
        <beam number="1">begin</beam>
      </note>
      <note>
        <pitch>
          <step>C</step>
          <octave>7</octave>
        </pitch>
        <duration>5040</duration>
        <type>eighth</type>
        <beam number="1">end</beam>
      </note>
      <note>
        <chord />
        <pitch>
          <step>G</step>
          <octave>6</octave>
        </pitch>
        <duration>5040</duration>
        <type>eighth</type>
      </note>
      <note>
        <chord />
        <pitch>
          <step>C</step>
          <octave>6</octave>
        </pitch>
        <duration>5040</duration>
        <type>eighth</type>
      </note>
      <note dynamics="97.78">
        <pitch>
          <step>E</step>
          <octave>6</octave>
        </pitch>
        <duration>5040</duration>
        <type>eighth</type>
        <beam number="1">begin</beam>
      </note>
      <note>
        <pitch>
          <step>C</step>
          <octave>6</octave>
        </pitch>
        <duration>5040</duration>
        <type>eighth</type>
        <beam number="1">end</beam>
      </note>
      <note>
        <chord />
        <pitch>
          <step>G</step>
          <octave>5</octave>
        </pitch>
        <duration>5040</duration>
        <type>eighth</type>
      </note>
      <note>
        <chord />
        <pitch>
          <step>C</step>
          <octave>5</octave>
        </pitch>
        <duration>5040</duration>
        <type>eighth</type>
      </note>
      <note dynamics="97.78">
        <pitch>
          <step>E</step>
          <octave>5</octave>
        </pitch>
        <duration>5040</duration>
        <type>eighth</type>
        <beam number="1">begin</beam>
      </note>
      <note>
        <pitch>
          <step>C</step>
          <octave>5</octave>
        </pitch>
        <duration>5040</duration>
        <type>eighth</type>
        <beam number="1">end</beam>
      </note>
      <note>
        <chord />
        <pitch>
          <step>G</step>
          <octave>4</octave>
        </pitch>
        <duration>5040</duration>
        <type>eighth</type>
      </note>
      <note>
        <chord />
        <pitch>
          <step>C</step>
          <octave>4</octave>
        </pitch>
        <duration>5040</duration>
        <type>eighth</type>
      </note>
      <note dynamics="97.78">
        <pitch>
          <step>E</step>
          <octave>4</octave>
        </pitch>
        <duration>5040</duration>
        <type>eighth</type>
        <beam number="1">begin</beam>
      </note>
      <note>
        <pitch>
          <step>C</step>
          <octave>4</octave>
        </pitch>
        <duration>5040</duration>
        <type>eighth</type>
        <beam number="1">end</beam>
      </note>
      <note>
        <chord />
        <pitch>
          <step>G</step>
          <octave>3</octave>
        </pitch>
        <duration>5040</duration>
        <type>eighth</type>
      </note>
      <note>
        <chord />
        <pitch>
          <step>C</step>
          <octave>3</octave>
        </pitch>
        <duration>5040</duration>
        <type>eighth</type>
      </note>
      <barline location="right">
        <bar-style>light-heavy</bar-style>
      </barline>
    </measure>
  </part>
</score-partwise>
