<?xml version="1.0" encoding="utf-8"?>
<!DOCTYPE score-partwise  PUBLIC "-//Recordare//DTD MusicXML 3.0 Partwise//EN" "http://www.musicxml.org/dtds/partwise.dtd">
<score-partwise version="3.0">
  <movement-title>Music21 Fragment</movement-title>
  <identification>
    <creator type="composer">Music21</creator>
    <encoding>
      <encoding-date>2019-12-05</encoding-date>
      <software>music21 v.5.7.1</software>
    </encoding>
  </identification>
  <defaults>
    <scaling>
      <millimeters>7</millimeters>
      <tenths>40</tenths>
    </scaling>
  </defaults>
  <part-list>
    <score-part id="P948658d076dee2f75013c0caeb1790b5">
      <part-name>Piano</part-name>
      <part-abbreviation>Pno</part-abbreviation>
      <score-instrument id="Ibeb69dabe3821d4380838fa235a4a2d8">
        <instrument-name>Piano</instrument-name>
        <instrument-abbreviation>Pno</instrument-abbreviation>
      </score-instrument>
      <midi-instrument id="Ibeb69dabe3821d4380838fa235a4a2d8">
        <midi-channel>1</midi-channel>
        <midi-program>1</midi-program>
      </midi-instrument>
    </score-part>
  </part-list>
  <!--=========================== Part 1 ===========================-->
  <part id="P948658d076dee2f75013c0caeb1790b5">
    <!--========================= Measure 1 ==========================-->
    <measure number="1">
      <attributes>
        <divisions>10080</divisions>
        <key>
          <fifths>-2</fifths>
          <mode>major</mode>
        </key>
        <time>
          <beats>6</beats>
          <beat-type>4</beat-type>
        </time>
        <clef>
          <sign>G</sign>
          <line>2</line>
        </clef>
      </attributes>
      <direction>
        <direction-type>
          <metronome parentheses="no">
            <beat-unit>quarter</beat-unit>
            <per-minute>120</per-minute>
          </metronome>
        </direction-type>
        <sound tempo="120" />
      </direction>
      <note>
        <pitch>
          <step>B</step>
          <alter>0</alter>
          <octave>5</octave>
        </pitch>
        <duration>26880</duration>
        <type>whole</type>
        <accidental>natural</accidental>
        <time-modification>
          <actual-notes>3</actual-notes>
          <normal-notes>2</normal-notes>
          <normal-type>whole</normal-type>
        </time-modification>
        <notations>
          <tuplet bracket="no" number="1" placement="above" type="start">
            <tuplet-actual>
              <tuplet-number>3</tuplet-number>
              <tuplet-type>whole</tuplet-type>
            </tuplet-actual>
            <tuplet-normal>
              <tuplet-number>2</tuplet-number>
              <tuplet-type>whole</tuplet-type>
            </tuplet-normal>
          </tuplet>
          <tuplet number="1" type="stop" />
        </notations>
      </note>
      <note>
        <chord />
        <pitch>
          <step>G</step>
          <alter>1</alter>
          <octave>5</octave>
        </pitch>
        <duration>26880</duration>
        <type>whole</type>
        <accidental>sharp</accidental>
        <time-modification>
          <actual-notes>3</actual-notes>
          <normal-notes>2</normal-notes>
          <normal-type>whole</normal-type>
        </time-modification>
      </note>
      <note>
        <chord />
        <pitch>
          <step>E</step>
          <alter>0</alter>
          <octave>5</octave>
        </pitch>
        <duration>26880</duration>
        <type>whole</type>
        <accidental>natural</accidental>
        <time-modification>
          <actual-notes>3</actual-notes>
          <normal-notes>2</normal-notes>
          <normal-type>whole</normal-type>
        </time-modification>
      </note>
      <note>
        <chord />
        <pitch>
          <step>D</step>
          <octave>5</octave>
        </pitch>
        <duration>26880</duration>
        <type>whole</type>
        <time-modification>
          <actual-notes>3</actual-notes>
          <normal-notes>2</normal-notes>
          <normal-type>whole</normal-type>
        </time-modification>
      </note>
      <note>
        <chord />
        <pitch>
          <step>B</step>
          <alter>0</alter>
          <octave>4</octave>
        </pitch>
        <duration>26880</duration>
        <type>whole</type>
        <accidental>natural</accidental>
        <time-modification>
          <actual-notes>3</actual-notes>
          <normal-notes>2</normal-notes>
          <normal-type>whole</normal-type>
        </time-modification>
      </note>
      <barline location="right">
        <bar-style>light-heavy</bar-style>
      </barline>
    </measure>
  </part>
</score-partwise>
