<?xml version="1.0" encoding="utf-8"?>
<!DOCTYPE score-partwise  PUBLIC "-//Recordare//DTD MusicXML 3.0 Partwise//EN" "http://www.musicxml.org/dtds/partwise.dtd">
<score-partwise version="3.0">
  <movement-title>Music21 Fragment</movement-title>
  <identification>
    <creator type="composer">Music21</creator>
    <encoding>
      <encoding-date>2019-12-05</encoding-date>
      <software>music21 v.5.7.1</software>
    </encoding>
  </identification>
  <defaults>
    <scaling>
      <millimeters>7</millimeters>
      <tenths>40</tenths>
    </scaling>
  </defaults>
  <part-list>
    <score-part id="Pa110d06ed7aed6aaea0785bf1a62ecf7">
      <part-name />
    </score-part>
  </part-list>
  <!--=========================== Part 1 ===========================-->
  <part id="Pa110d06ed7aed6aaea0785bf1a62ecf7">
    <!--========================= Measure 1 ==========================-->
    <measure number="1">
      <attributes>
        <divisions>10080</divisions>
        <key>
          <fifths>-2</fifths>
          <mode>major</mode>
        </key>
        <time>
          <beats>6</beats>
          <beat-type>4</beat-type>
        </time>
        <clef>
          <sign>G</sign>
          <line>2</line>
        </clef>
      </attributes>
      <note dynamics="97.78">
        <pitch>
          <step>B</step>
          <octave>4</octave>
        </pitch>
        <duration>2520</duration>
        <voice>1</voice>
        <type>16th</type>
        <beam number="1">begin</beam>
        <beam number="2">begin</beam>
      </note>
      <note dynamics="97.78">
        <pitch>
          <step>B</step>
          <octave>4</octave>
        </pitch>
        <duration>2520</duration>
        <voice>1</voice>
        <type>16th</type>
        <beam number="1">continue</beam>
        <beam number="2">continue</beam>
      </note>
      <note dynamics="97.78">
        <pitch>
          <step>B</step>
          <octave>4</octave>
        </pitch>
        <duration>2520</duration>
        <voice>1</voice>
        <type>16th</type>
        <beam number="1">continue</beam>
        <beam number="2">continue</beam>
      </note>
      <note dynamics="97.78">
        <pitch>
          <step>B</step>
          <octave>4</octave>
        </pitch>
        <duration>2520</duration>
        <voice>1</voice>
        <type>16th</type>
        <beam number="1">continue</beam>
        <beam number="2">continue</beam>
      </note>
      <note dynamics="97.78">
        <pitch>
          <step>D</step>
          <octave>5</octave>
        </pitch>
        <duration>2520</duration>
        <voice>1</voice>
        <type>16th</type>
        <beam number="1">continue</beam>
        <beam number="2">continue</beam>
      </note>
      <note dynamics="97.78">
        <pitch>
          <step>D</step>
          <octave>5</octave>
        </pitch>
        <duration>2520</duration>
        <voice>1</voice>
        <type>16th</type>
        <beam number="1">continue</beam>
        <beam number="2">continue</beam>
      </note>
      <note dynamics="97.78">
        <pitch>
          <step>D</step>
          <octave>5</octave>
        </pitch>
        <duration>2520</duration>
        <voice>1</voice>
        <type>16th</type>
        <beam number="1">continue</beam>
        <beam number="2">continue</beam>
      </note>
      <note dynamics="97.78">
        <pitch>
          <step>D</step>
          <octave>5</octave>
        </pitch>
        <duration>2520</duration>
        <voice>1</voice>
        <type>16th</type>
        <beam number="1">continue</beam>
        <beam number="2">continue</beam>
      </note>
      <note dynamics="97.78">
        <pitch>
          <step>E</step>
          <octave>5</octave>
        </pitch>
        <duration>2520</duration>
        <voice>1</voice>
        <type>16th</type>
        <beam number="1">continue</beam>
        <beam number="2">continue</beam>
      </note>
      <note dynamics="97.78">
        <pitch>
          <step>E</step>
          <octave>5</octave>
        </pitch>
        <duration>2520</duration>
        <voice>1</voice>
        <type>16th</type>
        <beam number="1">continue</beam>
        <beam number="2">continue</beam>
      </note>
      <note dynamics="97.78">
        <pitch>
          <step>E</step>
          <octave>5</octave>
        </pitch>
        <duration>2520</duration>
        <voice>1</voice>
        <type>16th</type>
        <beam number="1">continue</beam>
        <beam number="2">continue</beam>
      </note>
      <note dynamics="97.78">
        <pitch>
          <step>E</step>
          <octave>5</octave>
        </pitch>
        <duration>2520</duration>
        <voice>1</voice>
        <type>16th</type>
        <beam number="1">end</beam>
        <beam number="2">end</beam>
      </note>
      <note dynamics="97.78">
        <pitch>
          <step>G</step>
          <alter>1</alter>
          <octave>5</octave>
        </pitch>
        <duration>2520</duration>
        <voice>1</voice>
        <type>16th</type>
        <accidental>sharp</accidental>
        <beam number="1">begin</beam>
        <beam number="2">begin</beam>
      </note>
      <note dynamics="97.78">
        <pitch>
          <step>G</step>
          <alter>1</alter>
          <octave>5</octave>
        </pitch>
        <duration>2520</duration>
        <voice>1</voice>
        <type>16th</type>
        <accidental>sharp</accidental>
        <beam number="1">continue</beam>
        <beam number="2">continue</beam>
      </note>
      <note dynamics="97.78">
        <pitch>
          <step>G</step>
          <alter>1</alter>
          <octave>5</octave>
        </pitch>
        <duration>2520</duration>
        <voice>1</voice>
        <type>16th</type>
        <accidental>sharp</accidental>
        <beam number="1">continue</beam>
        <beam number="2">continue</beam>
      </note>
      <note dynamics="97.78">
        <pitch>
          <step>G</step>
          <alter>1</alter>
          <octave>5</octave>
        </pitch>
        <duration>2520</duration>
        <voice>1</voice>
        <type>16th</type>
        <accidental>sharp</accidental>
        <beam number="1">continue</beam>
        <beam number="2">continue</beam>
      </note>
      <note dynamics="97.78">
        <pitch>
          <step>B</step>
          <octave>5</octave>
        </pitch>
        <duration>2520</duration>
        <voice>1</voice>
        <type>16th</type>
        <beam number="1">continue</beam>
        <beam number="2">continue</beam>
      </note>
      <note dynamics="97.78">
        <pitch>
          <step>B</step>
          <octave>5</octave>
        </pitch>
        <duration>2520</duration>
        <voice>1</voice>
        <type>16th</type>
        <beam number="1">continue</beam>
        <beam number="2">continue</beam>
      </note>
      <note dynamics="97.78">
        <pitch>
          <step>B</step>
          <octave>5</octave>
        </pitch>
        <duration>2520</duration>
        <voice>1</voice>
        <type>16th</type>
        <beam number="1">continue</beam>
        <beam number="2">continue</beam>
      </note>
      <note dynamics="97.78">
        <pitch>
          <step>B</step>
          <octave>5</octave>
        </pitch>
        <duration>2520</duration>
        <voice>1</voice>
        <type>16th</type>
        <beam number="1">continue</beam>
        <beam number="2">continue</beam>
      </note>
      <note dynamics="97.78">
        <pitch>
          <step>G</step>
          <alter>1</alter>
          <octave>5</octave>
        </pitch>
        <duration>2520</duration>
        <voice>1</voice>
        <type>16th</type>
        <accidental>sharp</accidental>
        <beam number="1">continue</beam>
        <beam number="2">continue</beam>
      </note>
      <note dynamics="97.78">
        <pitch>
          <step>G</step>
          <alter>1</alter>
          <octave>5</octave>
        </pitch>
        <duration>2520</duration>
        <voice>1</voice>
        <type>16th</type>
        <accidental>sharp</accidental>
        <beam number="1">continue</beam>
        <beam number="2">continue</beam>
      </note>
      <note dynamics="97.78">
        <pitch>
          <step>G</step>
          <alter>1</alter>
          <octave>5</octave>
        </pitch>
        <duration>2520</duration>
        <voice>1</voice>
        <type>16th</type>
        <accidental>sharp</accidental>
        <beam number="1">continue</beam>
        <beam number="2">continue</beam>
      </note>
      <note dynamics="97.78">
        <pitch>
          <step>G</step>
          <alter>1</alter>
          <octave>5</octave>
        </pitch>
        <duration>2520</duration>
        <voice>1</voice>
        <type>16th</type>
        <accidental>sharp</accidental>
        <beam number="1">end</beam>
        <beam number="2">end</beam>
      </note>
      <backup>
        <duration>60480</duration>
      </backup>
    </measure>
    <!--========================= Measure 2 ==========================-->
    <measure number="2">
      <note dynamics="97.78">
        <pitch>
          <step>E</step>
          <octave>5</octave>
        </pitch>
        <duration>2520</duration>
        <voice>1</voice>
        <type>16th</type>
        <beam number="1">begin</beam>
        <beam number="2">begin</beam>
      </note>
      <note dynamics="97.78">
        <pitch>
          <step>E</step>
          <octave>5</octave>
        </pitch>
        <duration>2520</duration>
        <voice>1</voice>
        <type>16th</type>
        <beam number="1">continue</beam>
        <beam number="2">continue</beam>
      </note>
      <note dynamics="97.78">
        <pitch>
          <step>E</step>
          <octave>5</octave>
        </pitch>
        <duration>2520</duration>
        <voice>1</voice>
        <type>16th</type>
        <beam number="1">continue</beam>
        <beam number="2">continue</beam>
      </note>
      <note dynamics="97.78">
        <pitch>
          <step>E</step>
          <octave>5</octave>
        </pitch>
        <duration>2520</duration>
        <voice>1</voice>
        <type>16th</type>
        <beam number="1">continue</beam>
        <beam number="2">continue</beam>
      </note>
      <note dynamics="97.78">
        <pitch>
          <step>D</step>
          <octave>5</octave>
        </pitch>
        <duration>2520</duration>
        <voice>1</voice>
        <type>16th</type>
        <beam number="1">continue</beam>
        <beam number="2">continue</beam>
      </note>
      <note dynamics="97.78">
        <pitch>
          <step>D</step>
          <octave>5</octave>
        </pitch>
        <duration>2520</duration>
        <voice>1</voice>
        <type>16th</type>
        <beam number="1">continue</beam>
        <beam number="2">continue</beam>
      </note>
      <note dynamics="97.78">
        <pitch>
          <step>D</step>
          <octave>5</octave>
        </pitch>
        <duration>2520</duration>
        <voice>1</voice>
        <type>16th</type>
        <beam number="1">continue</beam>
        <beam number="2">continue</beam>
      </note>
      <note dynamics="97.78">
        <pitch>
          <step>D</step>
          <octave>5</octave>
        </pitch>
        <duration>2520</duration>
        <voice>1</voice>
        <type>16th</type>
        <beam number="1">continue</beam>
        <beam number="2">continue</beam>
      </note>
      <note>
        <pitch>
          <step>D</step>
          <octave>5</octave>
        </pitch>
        <duration>2520</duration>
        <voice>1</voice>
        <type>16th</type>
        <beam number="1">continue</beam>
        <beam number="2">continue</beam>
      </note>
      <note>
        <chord />
        <pitch>
          <step>B</step>
          <octave>4</octave>
        </pitch>
        <duration>2520</duration>
        <voice>1</voice>
        <type>16th</type>
      </note>
      <note>
        <pitch>
          <step>D</step>
          <octave>5</octave>
        </pitch>
        <duration>2520</duration>
        <voice>1</voice>
        <type>16th</type>
        <beam number="1">continue</beam>
        <beam number="2">continue</beam>
      </note>
      <note>
        <chord />
        <pitch>
          <step>B</step>
          <octave>4</octave>
        </pitch>
        <duration>2520</duration>
        <voice>1</voice>
        <type>16th</type>
      </note>
      <note>
        <pitch>
          <step>D</step>
          <octave>5</octave>
        </pitch>
        <duration>2520</duration>
        <voice>1</voice>
        <type>16th</type>
        <beam number="1">continue</beam>
        <beam number="2">continue</beam>
      </note>
      <note>
        <chord />
        <pitch>
          <step>B</step>
          <octave>4</octave>
        </pitch>
        <duration>2520</duration>
        <voice>1</voice>
        <type>16th</type>
      </note>
      <note>
        <pitch>
          <step>D</step>
          <octave>5</octave>
        </pitch>
        <duration>2520</duration>
        <voice>1</voice>
        <type>16th</type>
        <beam number="1">end</beam>
        <beam number="2">end</beam>
      </note>
      <note>
        <chord />
        <pitch>
          <step>B</step>
          <octave>4</octave>
        </pitch>
        <duration>2520</duration>
        <voice>1</voice>
        <type>16th</type>
      </note>
      <note>
        <pitch>
          <step>E</step>
          <octave>5</octave>
        </pitch>
        <duration>2520</duration>
        <voice>1</voice>
        <type>16th</type>
        <beam number="1">begin</beam>
        <beam number="2">begin</beam>
      </note>
      <note>
        <chord />
        <pitch>
          <step>D</step>
          <octave>5</octave>
        </pitch>
        <duration>2520</duration>
        <voice>1</voice>
        <type>16th</type>
      </note>
      <note>
        <pitch>
          <step>E</step>
          <octave>5</octave>
        </pitch>
        <duration>2520</duration>
        <voice>1</voice>
        <type>16th</type>
        <beam number="1">continue</beam>
        <beam number="2">continue</beam>
      </note>
      <note>
        <chord />
        <pitch>
          <step>D</step>
          <octave>5</octave>
        </pitch>
        <duration>2520</duration>
        <voice>1</voice>
        <type>16th</type>
      </note>
      <note>
        <pitch>
          <step>E</step>
          <octave>5</octave>
        </pitch>
        <duration>2520</duration>
        <voice>1</voice>
        <type>16th</type>
        <beam number="1">continue</beam>
        <beam number="2">continue</beam>
      </note>
      <note>
        <chord />
        <pitch>
          <step>D</step>
          <octave>5</octave>
        </pitch>
        <duration>2520</duration>
        <voice>1</voice>
        <type>16th</type>
      </note>
      <note>
        <pitch>
          <step>E</step>
          <octave>5</octave>
        </pitch>
        <duration>2520</duration>
        <voice>1</voice>
        <type>16th</type>
        <beam number="1">continue</beam>
        <beam number="2">continue</beam>
      </note>
      <note>
        <chord />
        <pitch>
          <step>D</step>
          <octave>5</octave>
        </pitch>
        <duration>2520</duration>
        <voice>1</voice>
        <type>16th</type>
      </note>
      <note>
        <pitch>
          <step>G</step>
          <alter>1</alter>
          <octave>5</octave>
        </pitch>
        <duration>2520</duration>
        <voice>1</voice>
        <type>16th</type>
        <accidental>sharp</accidental>
        <beam number="1">continue</beam>
        <beam number="2">continue</beam>
      </note>
      <note>
        <chord />
        <pitch>
          <step>E</step>
          <octave>5</octave>
        </pitch>
        <duration>2520</duration>
        <voice>1</voice>
        <type>16th</type>
      </note>
      <note>
        <pitch>
          <step>G</step>
          <alter>1</alter>
          <octave>5</octave>
        </pitch>
        <duration>2520</duration>
        <voice>1</voice>
        <type>16th</type>
        <accidental>sharp</accidental>
        <beam number="1">continue</beam>
        <beam number="2">continue</beam>
      </note>
      <note>
        <chord />
        <pitch>
          <step>E</step>
          <octave>5</octave>
        </pitch>
        <duration>2520</duration>
        <voice>1</voice>
        <type>16th</type>
      </note>
      <note>
        <pitch>
          <step>G</step>
          <alter>1</alter>
          <octave>5</octave>
        </pitch>
        <duration>2520</duration>
        <voice>1</voice>
        <type>16th</type>
        <accidental>sharp</accidental>
        <beam number="1">continue</beam>
        <beam number="2">continue</beam>
      </note>
      <note>
        <chord />
        <pitch>
          <step>E</step>
          <octave>5</octave>
        </pitch>
        <duration>2520</duration>
        <voice>1</voice>
        <type>16th</type>
      </note>
      <note>
        <pitch>
          <step>G</step>
          <alter>1</alter>
          <octave>5</octave>
        </pitch>
        <duration>2520</duration>
        <voice>1</voice>
        <type>16th</type>
        <accidental>sharp</accidental>
        <beam number="1">continue</beam>
        <beam number="2">continue</beam>
      </note>
      <note>
        <chord />
        <pitch>
          <step>E</step>
          <octave>5</octave>
        </pitch>
        <duration>2520</duration>
        <voice>1</voice>
        <type>16th</type>
      </note>
      <note>
        <pitch>
          <step>B</step>
          <octave>5</octave>
        </pitch>
        <duration>2520</duration>
        <voice>1</voice>
        <type>16th</type>
        <beam number="1">continue</beam>
        <beam number="2">continue</beam>
      </note>
      <note>
        <chord />
        <pitch>
          <step>G</step>
          <alter>1</alter>
          <octave>5</octave>
        </pitch>
        <duration>2520</duration>
        <voice>1</voice>
        <type>16th</type>
        <accidental>sharp</accidental>
      </note>
      <note>
        <pitch>
          <step>B</step>
          <octave>5</octave>
        </pitch>
        <duration>2520</duration>
        <voice>1</voice>
        <type>16th</type>
        <beam number="1">continue</beam>
        <beam number="2">continue</beam>
      </note>
      <note>
        <chord />
        <pitch>
          <step>G</step>
          <alter>1</alter>
          <octave>5</octave>
        </pitch>
        <duration>2520</duration>
        <voice>1</voice>
        <type>16th</type>
        <accidental>sharp</accidental>
      </note>
      <note>
        <pitch>
          <step>B</step>
          <octave>5</octave>
        </pitch>
        <duration>2520</duration>
        <voice>1</voice>
        <type>16th</type>
        <beam number="1">continue</beam>
        <beam number="2">continue</beam>
      </note>
      <note>
        <chord />
        <pitch>
          <step>G</step>
          <alter>1</alter>
          <octave>5</octave>
        </pitch>
        <duration>2520</duration>
        <voice>1</voice>
        <type>16th</type>
        <accidental>sharp</accidental>
      </note>
      <note>
        <pitch>
          <step>B</step>
          <octave>5</octave>
        </pitch>
        <duration>2520</duration>
        <voice>1</voice>
        <type>16th</type>
        <beam number="1">end</beam>
        <beam number="2">end</beam>
      </note>
      <note>
        <chord />
        <pitch>
          <step>G</step>
          <alter>1</alter>
          <octave>5</octave>
        </pitch>
        <duration>2520</duration>
        <voice>1</voice>
        <type>16th</type>
        <accidental>sharp</accidental>
      </note>
      <backup>
        <duration>60480</duration>
      </backup>
    </measure>
    <!--========================= Measure 3 ==========================-->
    <measure number="3">
      <note>
        <pitch>
          <step>G</step>
          <alter>1</alter>
          <octave>5</octave>
        </pitch>
        <duration>2520</duration>
        <voice>1</voice>
        <type>16th</type>
        <accidental>sharp</accidental>
        <beam number="1">begin</beam>
        <beam number="2">begin</beam>
      </note>
      <note>
        <chord />
        <pitch>
          <step>E</step>
          <octave>5</octave>
        </pitch>
        <duration>2520</duration>
        <voice>1</voice>
        <type>16th</type>
      </note>
      <note>
        <pitch>
          <step>G</step>
          <alter>1</alter>
          <octave>5</octave>
        </pitch>
        <duration>2520</duration>
        <voice>1</voice>
        <type>16th</type>
        <accidental>sharp</accidental>
        <beam number="1">continue</beam>
        <beam number="2">continue</beam>
      </note>
      <note>
        <chord />
        <pitch>
          <step>E</step>
          <octave>5</octave>
        </pitch>
        <duration>2520</duration>
        <voice>1</voice>
        <type>16th</type>
      </note>
      <note>
        <pitch>
          <step>G</step>
          <alter>1</alter>
          <octave>5</octave>
        </pitch>
        <duration>2520</duration>
        <voice>1</voice>
        <type>16th</type>
        <accidental>sharp</accidental>
        <beam number="1">continue</beam>
        <beam number="2">continue</beam>
      </note>
      <note>
        <chord />
        <pitch>
          <step>E</step>
          <octave>5</octave>
        </pitch>
        <duration>2520</duration>
        <voice>1</voice>
        <type>16th</type>
      </note>
      <note>
        <pitch>
          <step>G</step>
          <alter>1</alter>
          <octave>5</octave>
        </pitch>
        <duration>2520</duration>
        <voice>1</voice>
        <type>16th</type>
        <accidental>sharp</accidental>
        <beam number="1">continue</beam>
        <beam number="2">continue</beam>
      </note>
      <note>
        <chord />
        <pitch>
          <step>E</step>
          <octave>5</octave>
        </pitch>
        <duration>2520</duration>
        <voice>1</voice>
        <type>16th</type>
      </note>
      <note>
        <pitch>
          <step>E</step>
          <octave>5</octave>
        </pitch>
        <duration>2520</duration>
        <voice>1</voice>
        <type>16th</type>
        <beam number="1">continue</beam>
        <beam number="2">continue</beam>
      </note>
      <note>
        <chord />
        <pitch>
          <step>D</step>
          <octave>5</octave>
        </pitch>
        <duration>2520</duration>
        <voice>1</voice>
        <type>16th</type>
      </note>
      <note>
        <pitch>
          <step>E</step>
          <octave>5</octave>
        </pitch>
        <duration>2520</duration>
        <voice>1</voice>
        <type>16th</type>
        <beam number="1">continue</beam>
        <beam number="2">continue</beam>
      </note>
      <note>
        <chord />
        <pitch>
          <step>D</step>
          <octave>5</octave>
        </pitch>
        <duration>2520</duration>
        <voice>1</voice>
        <type>16th</type>
      </note>
      <note>
        <pitch>
          <step>E</step>
          <octave>5</octave>
        </pitch>
        <duration>2520</duration>
        <voice>1</voice>
        <type>16th</type>
        <beam number="1">continue</beam>
        <beam number="2">continue</beam>
      </note>
      <note>
        <chord />
        <pitch>
          <step>D</step>
          <octave>5</octave>
        </pitch>
        <duration>2520</duration>
        <voice>1</voice>
        <type>16th</type>
      </note>
      <note>
        <pitch>
          <step>E</step>
          <octave>5</octave>
        </pitch>
        <duration>2520</duration>
        <voice>1</voice>
        <type>16th</type>
        <beam number="1">continue</beam>
        <beam number="2">end</beam>
      </note>
      <note>
        <chord />
        <pitch>
          <step>D</step>
          <octave>5</octave>
        </pitch>
        <duration>2520</duration>
        <voice>1</voice>
        <type>16th</type>
      </note>
      <note>
        <pitch>
          <step>E</step>
          <octave>5</octave>
        </pitch>
        <duration>3360</duration>
        <voice>1</voice>
        <type>eighth</type>
        <time-modification>
          <actual-notes>3</actual-notes>
          <normal-notes>2</normal-notes>
          <normal-type>eighth</normal-type>
        </time-modification>
        <beam number="1">continue</beam>
      </note>
      <note>
        <chord />
        <pitch>
          <step>D</step>
          <octave>5</octave>
        </pitch>
        <duration>3360</duration>
        <voice>1</voice>
        <type>eighth</type>
        <time-modification>
          <actual-notes>3</actual-notes>
          <normal-notes>2</normal-notes>
          <normal-type>eighth</normal-type>
        </time-modification>
      </note>
      <note>
        <chord />
        <pitch>
          <step>B</step>
          <octave>4</octave>
        </pitch>
        <duration>3360</duration>
        <voice>1</voice>
        <type>eighth</type>
        <time-modification>
          <actual-notes>3</actual-notes>
          <normal-notes>2</normal-notes>
          <normal-type>eighth</normal-type>
        </time-modification>
      </note>
      <forward>
        <duration>3360</duration>
      </forward>
      <note>
        <pitch>
          <step>E</step>
          <octave>5</octave>
        </pitch>
        <duration>3360</duration>
        <voice>1</voice>
        <type>eighth</type>
        <time-modification>
          <actual-notes>3</actual-notes>
          <normal-notes>2</normal-notes>
          <normal-type>eighth</normal-type>
        </time-modification>
        <beam number="1">continue</beam>
      </note>
      <note>
        <chord />
        <pitch>
          <step>D</step>
          <octave>5</octave>
        </pitch>
        <duration>3360</duration>
        <voice>1</voice>
        <type>eighth</type>
        <time-modification>
          <actual-notes>3</actual-notes>
          <normal-notes>2</normal-notes>
          <normal-type>eighth</normal-type>
        </time-modification>
      </note>
      <note>
        <chord />
        <pitch>
          <step>B</step>
          <octave>4</octave>
        </pitch>
        <duration>3360</duration>
        <voice>1</voice>
        <type>eighth</type>
        <time-modification>
          <actual-notes>3</actual-notes>
          <normal-notes>2</normal-notes>
          <normal-type>eighth</normal-type>
        </time-modification>
      </note>
      <note>
        <pitch>
          <step>G</step>
          <alter>1</alter>
          <octave>5</octave>
        </pitch>
        <duration>5040</duration>
        <voice>1</voice>
        <type>eighth</type>
        <accidental>sharp</accidental>
        <beam number="1">continue</beam>
      </note>
      <note>
        <chord />
        <pitch>
          <step>E</step>
          <octave>5</octave>
        </pitch>
        <duration>5040</duration>
        <voice>1</voice>
        <type>eighth</type>
      </note>
      <note>
        <chord />
        <pitch>
          <step>D</step>
          <octave>5</octave>
        </pitch>
        <duration>5040</duration>
        <voice>1</voice>
        <type>eighth</type>
      </note>
      <note>
        <pitch>
          <step>G</step>
          <alter>1</alter>
          <octave>5</octave>
        </pitch>
        <duration>5040</duration>
        <voice>1</voice>
        <type>eighth</type>
        <accidental>sharp</accidental>
        <beam number="1">continue</beam>
      </note>
      <note>
        <chord />
        <pitch>
          <step>E</step>
          <octave>5</octave>
        </pitch>
        <duration>5040</duration>
        <voice>1</voice>
        <type>eighth</type>
      </note>
      <note>
        <chord />
        <pitch>
          <step>D</step>
          <octave>5</octave>
        </pitch>
        <duration>5040</duration>
        <voice>1</voice>
        <type>eighth</type>
      </note>
      <note>
        <pitch>
          <step>G</step>
          <alter>1</alter>
          <octave>5</octave>
        </pitch>
        <duration>5040</duration>
        <voice>1</voice>
        <type>eighth</type>
        <accidental>sharp</accidental>
        <beam number="1">continue</beam>
      </note>
      <note>
        <chord />
        <pitch>
          <step>E</step>
          <octave>5</octave>
        </pitch>
        <duration>5040</duration>
        <voice>1</voice>
        <type>eighth</type>
      </note>
      <note>
        <chord />
        <pitch>
          <step>D</step>
          <octave>5</octave>
        </pitch>
        <duration>5040</duration>
        <voice>1</voice>
        <type>eighth</type>
      </note>
      <note>
        <pitch>
          <step>B</step>
          <octave>5</octave>
        </pitch>
        <duration>3360</duration>
        <voice>1</voice>
        <type>eighth</type>
        <time-modification>
          <actual-notes>3</actual-notes>
          <normal-notes>2</normal-notes>
          <normal-type>eighth</normal-type>
        </time-modification>
        <beam number="1">continue</beam>
      </note>
      <note>
        <chord />
        <pitch>
          <step>G</step>
          <alter>1</alter>
          <octave>5</octave>
        </pitch>
        <duration>3360</duration>
        <voice>1</voice>
        <type>eighth</type>
        <accidental>sharp</accidental>
        <time-modification>
          <actual-notes>3</actual-notes>
          <normal-notes>2</normal-notes>
          <normal-type>eighth</normal-type>
        </time-modification>
      </note>
      <note>
        <chord />
        <pitch>
          <step>E</step>
          <octave>5</octave>
        </pitch>
        <duration>3360</duration>
        <voice>1</voice>
        <type>eighth</type>
        <time-modification>
          <actual-notes>3</actual-notes>
          <normal-notes>2</normal-notes>
          <normal-type>eighth</normal-type>
        </time-modification>
      </note>
      <forward>
        <duration>4200</duration>
      </forward>
      <note>
        <pitch>
          <step>B</step>
          <octave>5</octave>
        </pitch>
        <duration>3360</duration>
        <voice>1</voice>
        <type>eighth</type>
        <time-modification>
          <actual-notes>3</actual-notes>
          <normal-notes>2</normal-notes>
          <normal-type>eighth</normal-type>
        </time-modification>
        <beam number="1">end</beam>
      </note>
      <note>
        <chord />
        <pitch>
          <step>G</step>
          <alter>1</alter>
          <octave>5</octave>
        </pitch>
        <duration>3360</duration>
        <voice>1</voice>
        <type>eighth</type>
        <accidental>sharp</accidental>
        <time-modification>
          <actual-notes>3</actual-notes>
          <normal-notes>2</normal-notes>
          <normal-type>eighth</normal-type>
        </time-modification>
      </note>
      <note>
        <chord />
        <pitch>
          <step>E</step>
          <octave>5</octave>
        </pitch>
        <duration>3360</duration>
        <voice>1</voice>
        <type>eighth</type>
        <time-modification>
          <actual-notes>3</actual-notes>
          <normal-notes>2</normal-notes>
          <normal-type>eighth</normal-type>
        </time-modification>
      </note>
      <backup>
        <duration>56280</duration>
      </backup>
      <forward>
        <duration>23520</duration>
      </forward>
      <note>
        <pitch>
          <step>E</step>
          <octave>5</octave>
        </pitch>
        <duration>3360</duration>
        <voice>2</voice>
        <type>eighth</type>
        <time-modification>
          <actual-notes>3</actual-notes>
          <normal-notes>2</normal-notes>
          <normal-type>eighth</normal-type>
        </time-modification>
        <beam number="1">begin</beam>
      </note>
      <note>
        <chord />
        <pitch>
          <step>D</step>
          <octave>5</octave>
        </pitch>
        <duration>3360</duration>
        <voice>2</voice>
        <type>eighth</type>
        <time-modification>
          <actual-notes>3</actual-notes>
          <normal-notes>2</normal-notes>
          <normal-type>eighth</normal-type>
        </time-modification>
      </note>
      <note>
        <chord />
        <pitch>
          <step>B</step>
          <octave>4</octave>
        </pitch>
        <duration>3360</duration>
        <voice>2</voice>
        <type>eighth</type>
        <time-modification>
          <actual-notes>3</actual-notes>
          <normal-notes>2</normal-notes>
          <normal-type>eighth</normal-type>
        </time-modification>
      </note>
      <forward>
        <duration>21000</duration>
      </forward>
      <note>
        <pitch>
          <step>B</step>
          <octave>5</octave>
        </pitch>
        <duration>3360</duration>
        <voice>2</voice>
        <type>eighth</type>
        <time-modification>
          <actual-notes>3</actual-notes>
          <normal-notes>2</normal-notes>
          <normal-type>eighth</normal-type>
        </time-modification>
        <beam number="1">continue</beam>
      </note>
      <note>
        <chord />
        <pitch>
          <step>G</step>
          <alter>1</alter>
          <octave>5</octave>
        </pitch>
        <duration>3360</duration>
        <voice>2</voice>
        <type>eighth</type>
        <accidental>sharp</accidental>
        <time-modification>
          <actual-notes>3</actual-notes>
          <normal-notes>2</normal-notes>
          <normal-type>eighth</normal-type>
        </time-modification>
      </note>
      <note>
        <chord />
        <pitch>
          <step>E</step>
          <octave>5</octave>
        </pitch>
        <duration>3360</duration>
        <voice>2</voice>
        <type>eighth</type>
        <time-modification>
          <actual-notes>3</actual-notes>
          <normal-notes>2</normal-notes>
          <normal-type>eighth</normal-type>
        </time-modification>
      </note>
      <forward>
        <duration>4200</duration>
      </forward>
      <note>
        <pitch>
          <step>G</step>
          <alter>1</alter>
          <octave>5</octave>
        </pitch>
        <duration>5040</duration>
        <voice>2</voice>
        <type>eighth</type>
        <accidental>sharp</accidental>
        <beam number="1">end</beam>
      </note>
      <note>
        <chord />
        <pitch>
          <step>E</step>
          <octave>5</octave>
        </pitch>
        <duration>5040</duration>
        <voice>2</voice>
        <type>eighth</type>
      </note>
      <note>
        <chord />
        <pitch>
          <step>D</step>
          <octave>5</octave>
        </pitch>
        <duration>5040</duration>
        <voice>2</voice>
        <type>eighth</type>
      </note>
    </measure>
    <!--========================= Measure 4 ==========================-->
    <measure number="4">
      <note>
        <pitch>
          <step>G</step>
          <alter>1</alter>
          <octave>5</octave>
        </pitch>
        <duration>5040</duration>
        <voice>1</voice>
        <type>eighth</type>
        <accidental>sharp</accidental>
        <beam number="1">begin</beam>
      </note>
      <note>
        <chord />
        <pitch>
          <step>E</step>
          <octave>5</octave>
        </pitch>
        <duration>5040</duration>
        <voice>1</voice>
        <type>eighth</type>
      </note>
      <note>
        <chord />
        <pitch>
          <step>D</step>
          <octave>5</octave>
        </pitch>
        <duration>5040</duration>
        <voice>1</voice>
        <type>eighth</type>
      </note>
      <note>
        <pitch>
          <step>G</step>
          <alter>1</alter>
          <octave>5</octave>
        </pitch>
        <duration>5040</duration>
        <voice>1</voice>
        <type>eighth</type>
        <accidental>sharp</accidental>
        <beam number="1">continue</beam>
      </note>
      <note>
        <chord />
        <pitch>
          <step>E</step>
          <octave>5</octave>
        </pitch>
        <duration>5040</duration>
        <voice>1</voice>
        <type>eighth</type>
      </note>
      <note>
        <chord />
        <pitch>
          <step>D</step>
          <octave>5</octave>
        </pitch>
        <duration>5040</duration>
        <voice>1</voice>
        <type>eighth</type>
      </note>
      <note>
        <pitch>
          <step>G</step>
          <alter>1</alter>
          <octave>5</octave>
        </pitch>
        <duration>2520</duration>
        <voice>1</voice>
        <type>16th</type>
        <accidental>sharp</accidental>
        <beam number="1">continue</beam>
        <beam number="2">begin</beam>
      </note>
      <note>
        <chord />
        <pitch>
          <step>E</step>
          <octave>5</octave>
        </pitch>
        <duration>2520</duration>
        <voice>1</voice>
        <type>16th</type>
      </note>
      <note>
        <chord />
        <pitch>
          <step>D</step>
          <octave>5</octave>
        </pitch>
        <duration>2520</duration>
        <voice>1</voice>
        <type>16th</type>
      </note>
      <note>
        <chord />
        <pitch>
          <step>B</step>
          <octave>4</octave>
        </pitch>
        <duration>2520</duration>
        <voice>1</voice>
        <type>16th</type>
      </note>
      <note>
        <pitch>
          <step>G</step>
          <alter>1</alter>
          <octave>5</octave>
        </pitch>
        <duration>2520</duration>
        <voice>1</voice>
        <type>16th</type>
        <accidental>sharp</accidental>
        <beam number="1">continue</beam>
        <beam number="2">continue</beam>
      </note>
      <note>
        <chord />
        <pitch>
          <step>E</step>
          <octave>5</octave>
        </pitch>
        <duration>2520</duration>
        <voice>1</voice>
        <type>16th</type>
      </note>
      <note>
        <chord />
        <pitch>
          <step>D</step>
          <octave>5</octave>
        </pitch>
        <duration>2520</duration>
        <voice>1</voice>
        <type>16th</type>
      </note>
      <note>
        <chord />
        <pitch>
          <step>B</step>
          <octave>4</octave>
        </pitch>
        <duration>2520</duration>
        <voice>1</voice>
        <type>16th</type>
      </note>
      <note>
        <pitch>
          <step>G</step>
          <alter>1</alter>
          <octave>5</octave>
        </pitch>
        <duration>2520</duration>
        <voice>1</voice>
        <type>16th</type>
        <accidental>sharp</accidental>
        <beam number="1">continue</beam>
        <beam number="2">continue</beam>
      </note>
      <note>
        <chord />
        <pitch>
          <step>E</step>
          <octave>5</octave>
        </pitch>
        <duration>2520</duration>
        <voice>1</voice>
        <type>16th</type>
      </note>
      <note>
        <chord />
        <pitch>
          <step>D</step>
          <octave>5</octave>
        </pitch>
        <duration>2520</duration>
        <voice>1</voice>
        <type>16th</type>
      </note>
      <note>
        <chord />
        <pitch>
          <step>B</step>
          <octave>4</octave>
        </pitch>
        <duration>2520</duration>
        <voice>1</voice>
        <type>16th</type>
      </note>
      <note>
        <pitch>
          <step>G</step>
          <alter>1</alter>
          <octave>5</octave>
        </pitch>
        <duration>2520</duration>
        <voice>1</voice>
        <type>16th</type>
        <accidental>sharp</accidental>
        <beam number="1">continue</beam>
        <beam number="2">continue</beam>
      </note>
      <note>
        <chord />
        <pitch>
          <step>E</step>
          <octave>5</octave>
        </pitch>
        <duration>2520</duration>
        <voice>1</voice>
        <type>16th</type>
      </note>
      <note>
        <chord />
        <pitch>
          <step>D</step>
          <octave>5</octave>
        </pitch>
        <duration>2520</duration>
        <voice>1</voice>
        <type>16th</type>
      </note>
      <note>
        <chord />
        <pitch>
          <step>B</step>
          <octave>4</octave>
        </pitch>
        <duration>2520</duration>
        <voice>1</voice>
        <type>16th</type>
      </note>
      <note>
        <pitch>
          <step>B</step>
          <octave>5</octave>
        </pitch>
        <duration>2520</duration>
        <voice>1</voice>
        <type>16th</type>
        <beam number="1">continue</beam>
        <beam number="2">continue</beam>
      </note>
      <note>
        <chord />
        <pitch>
          <step>G</step>
          <alter>1</alter>
          <octave>5</octave>
        </pitch>
        <duration>2520</duration>
        <voice>1</voice>
        <type>16th</type>
        <accidental>sharp</accidental>
      </note>
      <note>
        <chord />
        <pitch>
          <step>E</step>
          <octave>5</octave>
        </pitch>
        <duration>2520</duration>
        <voice>1</voice>
        <type>16th</type>
      </note>
      <note>
        <chord />
        <pitch>
          <step>D</step>
          <octave>5</octave>
        </pitch>
        <duration>2520</duration>
        <voice>1</voice>
        <type>16th</type>
      </note>
      <note>
        <pitch>
          <step>B</step>
          <octave>5</octave>
        </pitch>
        <duration>2520</duration>
        <voice>1</voice>
        <type>16th</type>
        <beam number="1">continue</beam>
        <beam number="2">continue</beam>
      </note>
      <note>
        <chord />
        <pitch>
          <step>G</step>
          <alter>1</alter>
          <octave>5</octave>
        </pitch>
        <duration>2520</duration>
        <voice>1</voice>
        <type>16th</type>
        <accidental>sharp</accidental>
      </note>
      <note>
        <chord />
        <pitch>
          <step>E</step>
          <octave>5</octave>
        </pitch>
        <duration>2520</duration>
        <voice>1</voice>
        <type>16th</type>
      </note>
      <note>
        <chord />
        <pitch>
          <step>D</step>
          <octave>5</octave>
        </pitch>
        <duration>2520</duration>
        <voice>1</voice>
        <type>16th</type>
      </note>
      <note>
        <pitch>
          <step>B</step>
          <octave>5</octave>
        </pitch>
        <duration>2520</duration>
        <voice>1</voice>
        <type>16th</type>
        <beam number="1">continue</beam>
        <beam number="2">continue</beam>
      </note>
      <note>
        <chord />
        <pitch>
          <step>G</step>
          <alter>1</alter>
          <octave>5</octave>
        </pitch>
        <duration>2520</duration>
        <voice>1</voice>
        <type>16th</type>
        <accidental>sharp</accidental>
      </note>
      <note>
        <chord />
        <pitch>
          <step>E</step>
          <octave>5</octave>
        </pitch>
        <duration>2520</duration>
        <voice>1</voice>
        <type>16th</type>
      </note>
      <note>
        <chord />
        <pitch>
          <step>D</step>
          <octave>5</octave>
        </pitch>
        <duration>2520</duration>
        <voice>1</voice>
        <type>16th</type>
      </note>
      <note>
        <pitch>
          <step>B</step>
          <octave>5</octave>
        </pitch>
        <duration>2520</duration>
        <voice>1</voice>
        <type>16th</type>
        <beam number="1">end</beam>
        <beam number="2">end</beam>
      </note>
      <note>
        <chord />
        <pitch>
          <step>G</step>
          <alter>1</alter>
          <octave>5</octave>
        </pitch>
        <duration>2520</duration>
        <voice>1</voice>
        <type>16th</type>
        <accidental>sharp</accidental>
      </note>
      <note>
        <chord />
        <pitch>
          <step>E</step>
          <octave>5</octave>
        </pitch>
        <duration>2520</duration>
        <voice>1</voice>
        <type>16th</type>
      </note>
      <note>
        <chord />
        <pitch>
          <step>D</step>
          <octave>5</octave>
        </pitch>
        <duration>2520</duration>
        <voice>1</voice>
        <type>16th</type>
      </note>
      <backup>
        <duration>30240</duration>
      </backup>
      <barline location="right">
        <bar-style>light-heavy</bar-style>
      </barline>
    </measure>
  </part>
</score-partwise>
