<?xml version="1.0" encoding="utf-8"?>
<!DOCTYPE score-partwise  PUBLIC "-//Recordare//DTD MusicXML 3.0 Partwise//EN" "http://www.musicxml.org/dtds/partwise.dtd">
<score-partwise version="3.0">
  <movement-title>Music21 Fragment</movement-title>
  <identification>
    <creator type="composer">Music21</creator>
    <encoding>
      <encoding-date>2019-12-19</encoding-date>
      <software>music21 v.5.7.1</software>
    </encoding>
  </identification>
  <defaults>
    <scaling>
      <millimeters>7</millimeters>
      <tenths>40</tenths>
    </scaling>
  </defaults>
  <part-list>
    <score-part id="P9672d2fa0860b26e5254c10623bb56e2">
      <part-name />
    </score-part>
  </part-list>
  <!--=========================== Part 1 ===========================-->
  <part id="P9672d2fa0860b26e5254c10623bb56e2">
    <!--========================= Measure 1 ==========================-->
    <measure number="1">
      <attributes>
        <divisions>10080</divisions>
        <key>
          <fifths>-5</fifths>
          <mode>major</mode>
        </key>
        <time>
          <beats>3</beats>
          <beat-type>4</beat-type>
        </time>
        <clef>
          <sign>G</sign>
          <line>2</line>
        </clef>
      </attributes>
      <note dynamics="97.78">
        <pitch>
          <step>F</step>
          <octave>5</octave>
        </pitch>
        <duration>10080</duration>
        <voice>1</voice>
        <type>quarter</type>
      </note>
      <note>
        <pitch>
          <step>F</step>
          <octave>5</octave>
        </pitch>
        <duration>5040</duration>
        <voice>1</voice>
        <type>eighth</type>
        <beam number="1">begin</beam>
      </note>
      <note>
        <chord />
        <pitch>
          <step>F</step>
          <octave>4</octave>
        </pitch>
        <duration>5040</duration>
        <voice>1</voice>
        <type>eighth</type>
      </note>
      <note>
        <pitch>
          <step>C</step>
          <alter>1</alter>
          <octave>5</octave>
        </pitch>
        <duration>5040</duration>
        <voice>1</voice>
        <type>eighth</type>
        <accidental>sharp</accidental>
        <beam number="1">end</beam>
      </note>
      <note>
        <chord />
        <pitch>
          <step>G</step>
          <alter>1</alter>
          <octave>4</octave>
        </pitch>
        <duration>5040</duration>
        <voice>1</voice>
        <type>eighth</type>
        <accidental>sharp</accidental>
      </note>
      <note>
        <pitch>
          <step>B</step>
          <alter>-1</alter>
          <octave>4</octave>
        </pitch>
        <duration>5040</duration>
        <voice>1</voice>
        <type>eighth</type>
        <accidental>flat</accidental>
        <beam number="1">begin</beam>
      </note>
      <note>
        <chord />
        <pitch>
          <step>C</step>
          <alter>1</alter>
          <octave>4</octave>
        </pitch>
        <duration>5040</duration>
        <voice>1</voice>
        <type>eighth</type>
        <accidental>sharp</accidental>
      </note>
      <note>
        <pitch>
          <step>C</step>
          <octave>5</octave>
        </pitch>
        <duration>5040</duration>
        <voice>1</voice>
        <type>eighth</type>
        <beam number="1">end</beam>
      </note>
      <note>
        <chord />
        <pitch>
          <step>F</step>
          <alter>1</alter>
          <octave>4</octave>
        </pitch>
        <duration>5040</duration>
        <voice>1</voice>
        <type>eighth</type>
        <accidental>sharp</accidental>
      </note>
      <backup>
        <duration>30240</duration>
      </backup>
      <note dynamics="97.78">
        <pitch>
          <step>F</step>
          <octave>4</octave>
        </pitch>
        <duration>5040</duration>
        <voice>2</voice>
        <type>eighth</type>
        <beam number="1">begin</beam>
      </note>
      <note dynamics="97.78">
        <pitch>
          <step>G</step>
          <alter>1</alter>
          <octave>4</octave>
        </pitch>
        <duration>5040</duration>
        <voice>2</voice>
        <type>eighth</type>
        <accidental>sharp</accidental>
        <beam number="1">end</beam>
      </note>
      <barline location="right">
        <bar-style>light-heavy</bar-style>
      </barline>
    </measure>
  </part>
</score-partwise>
